repeat,source_width,source_height,cpu_us,cuda_per_operation_roundtrip_us,resident_roundtrip_us,resident_device_us
1,640,480,5449.400,445.304,194.594,47.589
1,1280,720,15785.400,3174.930,498.143,123.131
1,1920,1080,37082.800,7052.990,1036.310,262.962
2,640,480,5452.580,437.619,195.406,46.266
2,1280,720,15813.200,3163.440,497.021,123.101
2,1920,1080,37121.200,6943.520,1034.750,262.902
3,640,480,5453.820,444.813,194.113,47.459
3,1280,720,15809.800,3167.980,496.469,123.201
3,1920,1080,37125.400,6979.820,1035.810,263.003
