family,operation,type,channels,source_width,source_height,destination_width,destination_height,timing_scope,contract,inspirecv_p50_us,inspirecv_p95_us,inspirecv_p50_run_spread_pct,opencv_p50_us,opencv_p95_us,opencv_p50_run_spread_pct,inspirecv_vs_opencv,winner_vs_opencv,accuracy,max_abs_error,mismatches
image,resize_nearest,u8,3,64,64,128,128,public_api_allocation,aligned,13.706,13.746,20.40,13.806,13.906,27.64,1.0073,tie,exact,0.0000000,0
image,resize_linear,u8,3,64,64,128,128,public_api_allocation,different,98.565,101.120,20.07,16.861,17.012,51.59,0.1711,opencv,different_contract,105.0000000,48525
image,resize_nearest,u8,3,128,128,256,256,public_api_allocation,aligned,136.476,140.324,29.51,75.302,76.634,4.86,0.5518,opencv,exact,0.0000000,0
image,resize_linear,u8,3,128,128,256,256,public_api_allocation,different,394.943,397.678,0.44,59.121,61.616,0.66,0.1497,opencv,different_contract,104.0000000,194297
image,resize_nearest,u8,3,224,224,112,112,public_api_allocation,aligned,7.203,7.254,1.97,10.780,11.021,2.61,1.4966,inspirecv,exact,0.0000000,0
image,resize_linear,u8,3,224,224,112,112,public_api_allocation,different,75.031,77.355,0.16,11.332,11.472,0.34,0.1510,opencv,different_contract,183.0000000,37427
image,resize_nearest,u8,3,512,512,256,256,public_api_allocation,aligned,38.342,38.553,0.47,55.935,59.091,1.03,1.4588,inspirecv,exact,0.0000000,0
image,resize_linear,u8,3,512,512,256,256,public_api_allocation,different,393.560,396.666,0.35,58.500,61.415,0.70,0.1486,opencv,different_contract,184.0000000,195574
image,resize_nearest,u8,3,640,480,320,240,public_api_allocation,aligned,44.403,46.487,0.61,65.012,68.108,1.80,1.4641,inspirecv,exact,0.0000000,0
image,resize_linear,u8,3,640,480,320,240,public_api_allocation,different,460.556,463.372,0.64,69.120,72.186,0.51,0.1501,opencv,different_contract,186.0000000,229182
image,resize_nearest,u8,3,1920,1080,960,540,public_api_allocation,aligned,871.289,925.490,4.89,871.768,884.142,1.02,1.0005,tie,exact,0.0000000,0
image,resize_linear,u8,3,1920,1080,960,540,public_api_allocation,different,3109.965,3114.318,0.60,459.293,462.990,0.91,0.1477,opencv,different_contract,188.0000000,1547127
image,resize_nearest,u8,3,1920,1080,224,224,public_api_allocation,different,34.564,34.736,1.36,47.609,50.576,2.95,1.3774,inspirecv,different_contract,254.0000000,668
image,resize_linear,u8,3,1920,1080,224,224,public_api_allocation,different,304.643,307.899,1.67,94.557,97.854,4.02,0.3104,opencv,different_contract,238.0000000,149659
image,resize_nearest,u8,3,1920,1080,3840,2160,public_api_allocation,aligned,16310.775,18469.184,2.19,14589.868,14864.175,1.56,0.8945,opencv,exact,0.0000000,0
image,resize_linear,u8,3,1920,1080,3840,2160,public_api_allocation,different,49820.691,49841.985,0.05,6862.516,6895.591,0.51,0.1377,opencv,different_contract,110.0000000,24594370
image,rotate90,u8,3,64,64,64,64,public_api_allocation,aligned,1.082,1.122,8.40,6.011,6.081,0.33,5.5555,inspirecv,exact,0.0000000,0
image,flip_horizontal,u8,3,64,64,64,64,public_api_allocation,aligned,0.642,0.661,1.56,4.428,4.479,3.64,6.8972,inspirecv,exact,0.0000000,0
image,swap_rb,u8,3,64,64,64,64,public_api_allocation,aligned,0.471,0.732,21.91,0.982,1.002,15.08,2.0849,inspirecv,exact,0.0000000,0
image,to_gray,u8,3,64,64,64,64,public_api_allocation,aligned,1.193,1.203,0.84,1.442,1.463,1.33,1.2087,inspirecv,within_tolerance,1.0000000,573
image,threshold,u8,1,64,64,64,64,public_api_allocation,aligned,0.130,0.141,0.00,0.431,0.441,0.00,3.3154,inspirecv,exact,0.0000000,0
image,gaussian5,u8,1,64,64,64,64,public_api_allocation,different,620.186,944.487,3.09,10.921,11.161,3.08,0.0176,opencv,different_contract,3.0000000,2434
image,erode3,u8,1,64,64,64,64,public_api_allocation,aligned,9.658,9.709,8.65,2.615,2.655,1.15,0.2708,opencv,exact,0.0000000,0
image,rotate90,u8,3,112,112,112,112,public_api_allocation,aligned,3.055,3.115,0.99,16.922,17.022,0.17,5.5391,inspirecv,exact,0.0000000,0
image,flip_horizontal,u8,3,112,112,112,112,public_api_allocation,aligned,1.683,1.713,0.60,12.213,12.293,0.08,7.2567,inspirecv,exact,0.0000000,0
image,swap_rb,u8,3,112,112,112,112,public_api_allocation,aligned,1.012,1.042,0.00,2.194,2.244,0.46,2.1680,inspirecv,exact,0.0000000,0
image,to_gray,u8,3,112,112,112,112,public_api_allocation,aligned,3.516,3.567,0.29,4.849,4.900,0.41,1.3791,inspirecv,within_tolerance,1.0000000,1712
image,threshold,u8,1,112,112,112,112,public_api_allocation,aligned,0.251,0.261,0.40,0.671,0.691,1.49,2.6733,inspirecv,exact,0.0000000,0
image,gaussian5,u8,1,112,112,112,112,public_api_allocation,different,686.230,1038.112,3.98,14.727,14.929,7.15,0.0215,opencv,different_contract,3.0000000,7621
image,erode3,u8,1,112,112,112,112,public_api_allocation,aligned,9.177,9.237,3.84,4.228,4.268,1.19,0.4607,opencv,exact,0.0000000,0
image,rotate90,u8,3,224,224,224,224,public_api_allocation,aligned,11.441,11.542,0.53,70.352,73.007,0.60,6.1491,inspirecv,exact,0.0000000,0
image,flip_horizontal,u8,3,224,224,224,224,public_api_allocation,aligned,6.482,6.592,9.24,51.777,52.949,1.41,7.9878,inspirecv,exact,0.0000000,0
image,swap_rb,u8,3,224,224,224,224,public_api_allocation,aligned,3.877,3.937,3.16,4.579,4.639,4.64,1.1811,inspirecv,exact,0.0000000,0
image,to_gray,u8,3,224,224,224,224,public_api_allocation,aligned,13.816,13.886,0.07,14.056,14.146,0.58,1.0174,tie,within_tolerance,1.0000000,6675
image,threshold,u8,1,224,224,224,224,public_api_allocation,aligned,0.921,0.942,4.39,1.734,1.764,0.58,1.8827,inspirecv,exact,0.0000000,0
image,gaussian5,u8,1,224,224,224,224,public_api_allocation,different,755.040,1098.665,3.54,35.807,36.118,0.84,0.0474,opencv,different_contract,4.0000000,30220
image,erode3,u8,1,224,224,224,224,public_api_allocation,aligned,36.168,36.398,4.60,8.456,8.586,2.75,0.2338,opencv,exact,0.0000000,0
image,rotate90,u8,3,512,512,512,512,public_api_allocation,aligned,77.867,80.461,0.80,389.151,392.779,0.46,4.9976,inspirecv,exact,0.0000000,0
image,flip_horizontal,u8,3,512,512,512,512,public_api_allocation,aligned,37.801,38.091,0.48,277.231,282.071,0.99,7.3340,inspirecv,exact,0.0000000,0
image,swap_rb,u8,3,512,512,512,512,public_api_allocation,aligned,20.458,21.430,4.21,25.147,25.338,7.26,1.2292,inspirecv,exact,0.0000000,0
image,to_gray,u8,3,512,512,512,512,public_api_allocation,aligned,72.206,75.191,0.32,71.905,74.971,0.32,0.9958,tie,within_tolerance,1.0000000,34772
image,threshold,u8,1,512,512,512,512,public_api_allocation,aligned,5.491,5.570,9.04,8.045,8.105,1.39,1.4651,inspirecv,exact,0.0000000,0
image,gaussian5,u8,1,512,512,512,512,public_api_allocation,different,1151.564,1381.679,3.03,125.857,134.643,5.56,0.1093,opencv,different_contract,4.0000000,157577
image,erode3,u8,1,512,512,512,512,public_api_allocation,aligned,154.220,157.396,2.14,25.999,26.760,12.81,0.1686,opencv,exact,0.0000000,0
image,rotate90,u8,3,640,480,480,640,public_api_allocation,aligned,89.599,92.755,0.52,453.743,457.540,0.32,5.0642,inspirecv,exact,0.0000000,0
image,flip_horizontal,u8,3,640,480,640,480,public_api_allocation,aligned,42.209,42.680,0.31,326.163,329.790,0.90,7.7273,inspirecv,exact,0.0000000,0
image,swap_rb,u8,3,640,480,640,480,public_api_allocation,aligned,24.396,25.238,3.67,29.385,29.816,6.98,1.2045,inspirecv,exact,0.0000000,0
image,to_gray,u8,3,640,480,640,480,public_api_allocation,aligned,84.519,87.485,0.34,84.008,86.993,0.36,0.9940,tie,within_tolerance,1.0000000,40783
image,threshold,u8,1,640,480,640,480,public_api_allocation,aligned,6.252,6.522,14.71,9.347,9.408,1.20,1.4950,inspirecv,exact,0.0000000,0
image,gaussian5,u8,1,640,480,640,480,public_api_allocation,different,1311.225,1536.408,3.74,143.249,146.475,0.78,0.1092,opencv,different_contract,4.0000000,185191
image,erode3,u8,1,640,480,640,480,public_api_allocation,aligned,163.197,166.493,1.35,27.492,28.173,6.63,0.1685,opencv,exact,0.0000000,0
image,rotate90,u8,3,1280,720,720,1280,public_api_allocation,aligned,270.679,274.226,0.40,1361.389,1368.622,0.22,5.0295,inspirecv,exact,0.0000000,0
image,flip_horizontal,u8,3,1280,720,1280,720,public_api_allocation,aligned,115.287,118.423,0.37,964.343,969.734,0.67,8.3647,inspirecv,exact,0.0000000,0
image,swap_rb,u8,3,1280,720,1280,720,public_api_allocation,aligned,71.694,74.540,2.61,84.730,87.756,4.72,1.1818,inspirecv,exact,0.0000000,0
image,to_gray,u8,3,1280,720,1280,720,public_api_allocation,aligned,253.116,256.152,1.17,249.720,253.035,0.32,0.9866,tie,within_tolerance,1.0000000,122429
image,threshold,u8,1,1280,720,1280,720,public_api_allocation,aligned,18.595,24.445,10.01,26.791,26.891,0.41,1.4408,inspirecv,exact,0.0000000,0
image,gaussian5,u8,1,1280,720,1280,720,public_api_allocation,different,2549.161,2661.595,2.99,362.892,403.419,0.72,0.1424,opencv,different_contract,4.0000000,553946
image,erode3,u8,1,1280,720,1280,720,public_api_allocation,aligned,385.074,389.642,3.39,64.932,67.277,6.89,0.1686,opencv,exact,0.0000000,0
image,rotate90,u8,3,1920,1080,1080,1920,public_api_allocation,aligned,635.435,640.324,1.62,3133.380,3142.327,0.07,4.9311,inspirecv,exact,0.0000000,0
image,flip_horizontal,u8,3,1920,1080,1920,1080,public_api_allocation,aligned,252.876,256.803,0.36,2171.303,2185.951,0.34,8.5864,inspirecv,exact,0.0000000,0
image,swap_rb,u8,3,1920,1080,1920,1080,public_api_allocation,aligned,142.828,146.075,0.39,172.565,175.940,0.55,1.2082,inspirecv,exact,0.0000000,0
image,to_gray,u8,3,1920,1080,1920,1080,public_api_allocation,aligned,573.758,574.820,0.20,563.168,564.201,0.11,0.9815,tie,within_tolerance,1.0000000,275395
image,threshold,u8,1,1920,1080,1920,1080,public_api_allocation,aligned,34.965,35.737,1.84,59.381,62.327,0.20,1.6983,inspirecv,exact,0.0000000,0
image,gaussian5,u8,1,1920,1080,1920,1080,public_api_allocation,different,4751.487,4825.125,2.96,771.490,820.443,3.90,0.1624,opencv,different_contract,4.0000000,1247181
image,erode3,u8,1,1920,1080,1920,1080,public_api_allocation,aligned,398.710,402.617,1.02,129.714,133.581,7.30,0.3253,opencv,exact,0.0000000,0
image,rotate90,u8,3,3840,2160,2160,3840,public_api_allocation,aligned,6836.632,7116.738,3.16,17983.779,18086.173,1.64,2.6305,inspirecv,exact,0.0000000,0
image,flip_horizontal,u8,3,3840,2160,3840,2160,public_api_allocation,aligned,2092.516,2130.085,1.18,9207.508,9240.111,0.39,4.4002,inspirecv,exact,0.0000000,0
image,swap_rb,u8,3,3840,2160,3840,2160,public_api_allocation,aligned,1518.004,1554.471,0.70,1554.973,1593.778,0.53,1.0244,inspirecv,exact,0.0000000,0
image,to_gray,u8,3,3840,2160,3840,2160,public_api_allocation,aligned,2339.728,2352.294,0.23,2298.493,2308.230,0.11,0.9824,tie,within_tolerance,1.0000000,1103885
image,threshold,u8,1,3840,2160,3840,2160,public_api_allocation,aligned,170.961,174.879,4.93,239.190,242.957,1.39,1.3991,inspirecv,exact,0.0000000,0
image,gaussian5,u8,1,3840,2160,3840,2160,public_api_allocation,different,16952.964,17033.321,0.82,3624.056,4548.771,19.42,0.2138,opencv,different_contract,5.0000000,4987112
image,erode3,u8,1,3840,2160,3840,2160,public_api_allocation,aligned,2906.036,2923.369,2.30,541.768,549.021,3.54,0.1864,opencv,exact,0.0000000,0
image,warp_affine_linear,u8,3,112,112,112,112,public_api_allocation,different,206.137,208.572,0.59,68.378,70.563,0.31,0.3317,opencv,different_contract,239.0000000,612
image,warp_affine_linear,u8,3,224,224,224,224,public_api_allocation,different,825.562,827.306,0.33,266.992,271.731,0.69,0.3234,opencv,different_contract,242.0000000,1271
image,warp_affine_linear,u8,3,512,512,512,512,public_api_allocation,different,4323.481,4352.415,0.47,1350.470,1378.193,0.58,0.3124,opencv,different_contract,231.0000000,3188
image,warp_affine_linear,u8,3,1280,720,1280,720,public_api_allocation,different,15206.980,15238.560,0.38,4642.605,4669.378,0.12,0.3053,opencv,different_contract,242.0000000,8688
image,warp_affine_linear,u8,3,1920,1080,1920,1080,public_api_allocation,different,34235.026,34310.444,0.31,10409.595,10445.764,0.22,0.3041,opencv,different_contract,246.0000000,21156
task,identity_bgr_to_rgb_f32_chw,u8_to_f32,3,64,64,64,64,preallocated_end_to_end,aligned,6.422,6.522,1.25,8.937,9.769,44.93,1.3916,inspirecv,exact,0.0000000,0
task,identity_bgr_to_rgb_f32_hwc,u8_to_f32,3,64,64,64,64,preallocated_end_to_end,aligned,2.705,2.745,0.74,1.733,1.754,1.75,0.6407,opencv,exact,0.0000000,0
task,identity_bgr_to_rgb_f32_chw,u8_to_f32,3,112,112,112,112,preallocated_end_to_end,aligned,19.045,19.236,0.53,13.295,13.576,3.28,0.6981,opencv,exact,0.0000000,0
task,identity_bgr_to_rgb_f32_hwc,u8_to_f32,3,112,112,112,112,preallocated_end_to_end,aligned,7.394,7.474,0.95,4.679,4.799,4.07,0.6328,opencv,exact,0.0000000,0
task,identity_bgr_to_rgb_f32_chw,u8_to_f32,3,224,224,224,224,preallocated_end_to_end,aligned,77.375,80.261,1.66,94.978,97.824,13.40,1.2275,inspirecv,exact,0.0000000,0
task,identity_bgr_to_rgb_f32_hwc,u8_to_f32,3,224,224,224,224,preallocated_end_to_end,aligned,28.564,28.754,5.07,14.517,14.637,1.11,0.5082,opencv,exact,0.0000000,0
task,identity_bgr_to_rgb_f32_chw,u8_to_f32,3,320,320,320,320,preallocated_end_to_end,aligned,159.219,162.666,44.15,194.346,198.763,5.20,1.2206,inspirecv,exact,0.0000000,0
task,identity_bgr_to_rgb_f32_hwc,u8_to_f32,3,320,320,320,320,preallocated_end_to_end,aligned,59.441,62.317,3.20,30.277,30.687,1.70,0.5094,opencv,exact,0.0000000,0
task,identity_bgr_to_rgb_f32_chw,u8_to_f32,3,640,640,640,640,preallocated_end_to_end,aligned,787.290,796.668,65.19,769.807,776.260,9.29,0.9778,opencv,exact,0.0000000,0
task,identity_bgr_to_rgb_f32_hwc,u8_to_f32,3,640,640,640,640,preallocated_end_to_end,aligned,232.718,236.305,3.52,118.714,122.240,1.39,0.5101,opencv,exact,0.0000000,0
task,resize_bgr_to_rgb_f32_chw,u8_to_f32,3,640,480,112,112,preallocated_end_to_end,different,166.974,170.050,1.27,40.406,40.877,1.27,0.2420,opencv,different_contract,1.7031250,37416
task,resize_bgr_to_rgb_f32_chw,u8_to_f32,3,1280,720,224,224,preallocated_end_to_end,different,660.401,662.184,0.73,187.693,191.801,6.81,0.2842,opencv,different_contract,1.8906250,149717
task,resize_bgr_to_rgb_f32_chw,u8_to_f32,3,1920,1080,224,224,preallocated_end_to_end,different,659.038,661.474,0.83,189.636,194.265,2.19,0.2877,opencv,different_contract,1.8828125,149716
task,resize_bgr_to_rgb_f32_chw,u8_to_f32,3,3840,2160,640,640,preallocated_end_to_end,different,5398.256,5414.777,10.82,1605.319,1622.941,19.92,0.2974,opencv,different_contract,1.9062500,1222693
